Drug Name,,CT trial Link
Enalaprilat (dihydrate),,https://clinicaltrials.gov/ct2/results?cond=COVID-19&term=Enalaprilat+&cntry=&state=&city=&dist=&Search=Search
Nafamostat (mesylate),,
Sertraline (hydrochloride),,https://clinicaltrials.gov/ct2/results?cond=COVID-19&term=Sertraline+&cntry=&state=&city=&dist=&Search=Search
Clindamycin (hydrochloride),,https://clinicaltrials.gov/ct2/results?cond=COVID-19&term=Clindamycin+&cntry=&state=&city=&dist=&Search=Search
Ketotifen (fumarate),,https://clinicaltrials.gov/ct2/results?cond=COVID-19&term=Ketotifen+&cntry=&state=&city=&dist=&Search=Search
Almitrine mesylate,,
Vecuronium (bromide),,https://clinicaltrials.gov/ct2/results?cond=COVID-19&term=Vecuronium+&cntry=&state=&city=&dist=&Search=Search
Azilsartan,,https://clinicaltrials.gov/ct2/results?cond=COVID-19&term=Azilsartan&cntry=&state=&city=&dist=&Search=Search
Pantoprazole (sodium),,https://clinicaltrials.gov/ct2/results?cond=COVID-19&term=Pantoprazole+&cntry=&state=&city=&dist=&Search=Search
Terazosin (hydrochloride dihydrate),,https://clinicaltrials.gov/ct2/results?cond=COVID-19&term=Terazosin+&cntry=&state=&city=&dist=&Search=Search
Medroxyprogesterone,,https://clinicaltrials.gov/ct2/results?cond=COVID-19&term=Medroxyprogesterone&cntry=&state=&city=&dist=&Search=Search
Quinapril (hydrochloride),,https://clinicaltrials.gov/ct2/results?cond=COVID-19&term=Quinapril+&cntry=&state=&city=&dist=&Search=Search
Aliskiren,,https://clinicaltrials.gov/ct2/results?cond=COVID-19&term=Aliskiren+&cntry=&state=&city=&dist=&Search=Search
Tirofiban (hydrochloride monohydrate),,https://clinicaltrials.gov/ct2/results?cond=COVID-19&term=Tirofiban+&cntry=&state=&city=&dist=&Search=Search
Valproic acid,,https://clinicaltrials.gov/ct2/results?cond=COVID-19&term=Valproic+acid&cntry=&state=&city=&dist=&Search=Search
Sitagliptin,,https://clinicaltrials.gov/ct2/results?cond=COVID-19&term=Sitagliptin&cntry=&state=&city=&dist=&Search=Search
Amodiaquine (dihydrochloride dihydrate),,https://clinicaltrials.gov/ct2/results?cond=COVID-19&term=Amodiaquine+&cntry=&state=&city=&dist=&Search=Search
Rabeprazole (sodium),,https://clinicaltrials.gov/ct2/results?cond=COVID-19&term=Rabeprazole+&cntry=&state=&city=&dist=&Search=Search
Guanfacine (hydrochloride),,https://clinicaltrials.gov/ct2/results?cond=COVID-19&term=Guanfacine+&cntry=&state=&city=&dist=&Search=Search
Clopidogrel,,https://clinicaltrials.gov/ct2/results?cond=COVID-19&term=Clopidogrel&cntry=&state=&city=&dist=&Search=Search
Losartan (potassium),,https://clinicaltrials.gov/ct2/results?cond=COVID-19&term=Losartan+&cntry=&state=&city=&dist=&Search=Search
Aminophylline,,-
Verapamil (hydrochloride),,https://clinicaltrials.gov/ct2/results?cond=COVID-19&term=Verapamil+&cntry=&state=&city=&dist=&Search=Search
Camostat (mesylate),,https://clinicaltrials.gov/ct2/results?cond=COVID-19&term=Camostat+&cntry=&state=&city=&dist=&Search=Search
Chlorpheniramine (maleate),,https://clinicaltrials.gov/ct2/results?cond=COVID-19&term=Chlorpheniramine+&cntry=&state=&city=&dist=&Search=Search
Benazepril (hydrochloride),,https://clinicaltrials.gov/ct2/results?cond=COVID-19&term=Benazepril+&cntry=&state=&city=&dist=&Search=Search
Ibuprofen piconol,,https://clinicaltrials.gov/ct2/results?cond=COVID-19&term=Ibuprofen+&cntry=&state=&city=&dist=&Search=Search
Piperacillin (sodium),,https://clinicaltrials.gov/ct2/results?cond=COVID-19&term=Piperacillin+&cntry=&state=&city=&dist=&Search=Search
Pancuronium (dibromide),,-
Cyproheptadine (hydrochloride),,https://clinicaltrials.gov/ct2/results?cond=COVID-19&term=Cyproheptadine+&cntry=&state=&city=&dist=&Search=Search
Levamisole (hydrochloride),,https://clinicaltrials.gov/ct2/results?cond=COVID-19&term=Levamisole+&cntry=&state=&city=&dist=&Search=Search
Dobutamine (hydrochloride),,-
Umeclidinium (bromide),,-
Topotecan (Hydrochloride),,https://clinicaltrials.gov/ct2/results?cond=COVID-19&term=Topotecan+&cntry=&state=&city=&dist=&Search=Search
Levocarnitine propionate (hydrochloride),,https://clinicaltrials.gov/ct2/results?cond=COVID-19&term=Levocarnitine+&cntry=&state=&city=&dist=&Search=Search
Ranitidine (hydrochloride),,https://clinicaltrials.gov/ct2/results?cond=COVID-19&term=Ranitidine+&cntry=&state=&city=&dist=&Search=Search
Paroxetine (hydrochloride),,https://clinicaltrials.gov/ct2/results?cond=COVID-19&term=Paroxetine+&cntry=&state=&city=&dist=&Search=Search
Tafenoquine (Succinate),,https://clinicaltrials.gov/ct2/results?cond=COVID-19&term=Tafenoquine+&cntry=&state=&city=&dist=&Search=Search
Umifenovir (hydrochloride),,https://clinicaltrials.gov/ct2/results?cond=COVID-19&term=Umifenovir+&cntry=&state=&city=&dist=&Search=Search
Bazedoxifene (acetate),,-
Betamethasone dipropionate,,https://clinicaltrials.gov/ct2/results?cond=COVID-19&term=Betamethasone+&cntry=&state=&city=&dist=&Search=Search
Atazanavir (sulfate),,https://clinicaltrials.gov/ct2/results?cond=COVID-19&term=Atazanavir+&cntry=&state=&city=&dist=&Search=Search
Eprosartan (mesylate),,https://clinicaltrials.gov/ct2/results?cond=COVID-19&term=Eprosartan+&cntry=&state=&city=&dist=&Search=Search
(R)-(-)-Ibuprofen,,https://clinicaltrials.gov/ct2/results?cond=COVID-19&term=Ibuprofen+&cntry=&state=&city=&dist=&Search=Search
Moexipril (hydrochloride),,https://clinicaltrials.gov/ct2/results?cond=COVID-19&term=Moexipril+&cntry=&state=&city=&dist=&Search=Search
Enalapril (maleate),,https://clinicaltrials.gov/ct2/results?cond=COVID-19&term=Enalapril+&cntry=&state=&city=&dist=&Search=Search
Cefditoren (Pivoxil),,https://clinicaltrials.gov/ct2/results?cond=COVID-19&term=Cefditoren+&cntry=&state=&city=&dist=&Search=Search
Montelukast (sodium),,https://clinicaltrials.gov/ct2/results?cond=COVID-19&term=Montelukast+&cntry=&state=&city=&dist=&Search=Search
Clonidine (hydrochloride),,https://clinicaltrials.gov/ct2/results?cond=COVID-19&term=Clonidine+&cntry=&state=&city=&dist=&Search=Search
(S)-Timolol (Maleate),,https://clinicaltrials.gov/ct2/results?cond=COVID-19&term=Timolol+&cntry=&state=&city=&dist=&Search=Search
Diclofenac,,https://clinicaltrials.gov/ct2/results?cond=COVID-19&term=Diclofenac&cntry=&state=&city=&dist=&Search=Search
Amoxicillin (sodium),,https://clinicaltrials.gov/ct2/results?cond=COVID-19&term=Amoxicillin+&cntry=&state=&city=&dist=&Search=Search
Liothyronine (sodium),,https://clinicaltrials.gov/ct2/results?cond=COVID-19&term=Liothyronine+&cntry=&state=&city=&dist=&Search=Search
Cefepime (Dihydrochloride Monohydrate),,https://clinicaltrials.gov/ct2/results?cond=COVID-19&term=Cefepime+&cntry=&state=&city=&dist=&Search=Search
S-Ruxolitinib (INCB018424),,https://clinicaltrials.gov/ct2/results?cond=COVID-19&term=Ruxolitinib+&cntry=&state=&city=&dist=&Search=Search
Nicardipine (hydrochloride),,https://clinicaltrials.gov/ct2/results?cond=COVID-19&term=Nicardipine+&cntry=&state=&city=&dist=&Search=Search
ADENOSINE,,https://clinicaltrials.gov/ct2/results?cond=COVID-19&term=ADENOSINE&cntry=&state=&city=&dist=&Search=Search
Sodium Salicylate,,-
Tamoxifen (Citrate),,https://clinicaltrials.gov/ct2/results?cond=COVID-19&term=Tamoxifen+&cntry=&state=&city=&dist=&Search=Search
Liothyronine,,https://clinicaltrials.gov/ct2/results?cond=COVID-19&term=Liothyronine+&cntry=&state=&city=&dist=&Search=Search
Imatinib Mesylate (STI571),,https://clinicaltrials.gov/ct2/results?cond=COVID-19&term=Imatinib+&cntry=&state=&city=&dist=&Search=Search
Ibrutinib (PCI-32765),,https://clinicaltrials.gov/ct2/results?cond=COVID-19&term=Ibrutinib+&cntry=&state=&city=&dist=&Search=Search
LEVOMENTHOL,,-
LANSOPRAZOLE,,https://clinicaltrials.gov/ct2/results?cond=COVID-19&term=LANSOPRAZOLE&cntry=&state=&city=&dist=&Search=Search
TESTOSTERONE,,https://clinicaltrials.gov/ct2/results?cond=COVID-19&term=TESTOSTERONE&cntry=&state=&city=&dist=&Search=Search
ISRADIPINE,,https://clinicaltrials.gov/ct2/results?cond=COVID-19&term=ISRADIPINE&cntry=&state=&city=&dist=&Search=Search
FELODIPINE,,https://clinicaltrials.gov/ct2/results?cond=COVID-19&term=FELODIPINE&cntry=&state=&city=&dist=&Search=Search
CIPROFLOXACIN,,https://clinicaltrials.gov/ct2/results?cond=COVID-19&term=CIPROFLOXACIN&cntry=&state=&city=&dist=&Search=Search
DAPSONE,,https://clinicaltrials.gov/ct2/results?cond=COVID-19&term=DAPSONE&cntry=&state=&city=&dist=&Search=Search
IRBESARTAN,,https://clinicaltrials.gov/ct2/results?cond=COVID-19&term=IRBESARTAN&cntry=&state=&city=&dist=&Search=Search
AMINOCAPROIC ACID HYDROCHLORIDE,,https://clinicaltrials.gov/ct2/results?cond=COVID-19&term=AMINOCAPROIC+ACID&cntry=&state=&city=&dist=&Search=Search
METHYLENE BLUE,,https://clinicaltrials.gov/ct2/results?cond=COVID-19&term=METHYLENE+BLUE&cntry=&state=&city=&dist=&Search=Search#
QUINAPRIL HYDROCHLORIDE,,https://clinicaltrials.gov/ct2/results?cond=COVID-19&term=QUINAPRIL+&cntry=&state=&city=&dist=&Search=Search
ATENOLOL,,https://clinicaltrials.gov/ct2/results?cond=COVID-19&term=ATENOLOL&cntry=&state=&city=&dist=&Search=Search
DIPYRIDAMOLE,,https://clinicaltrials.gov/ct2/results?cond=COVID-19&term=DIPYRIDAMOLE&cntry=&state=&city=&dist=&Search=Search
BUMETANIDE,,https://clinicaltrials.gov/ct2/results?cond=COVID-19&term=BUMETANIDE&cntry=&state=&city=&dist=&Search=Search
CHLORTHALIDONE,,https://clinicaltrials.gov/ct2/results?cond=COVID-19&term=CHLORTHALIDONE&cntry=&state=&city=&dist=&Search=Search
DISULFIRAM,,https://clinicaltrials.gov/ct2/results?cond=COVID-19&term=DISULFIRAM&cntry=&state=&city=&dist=&Search=Search
CETYLPYRIDINIUM CHLORIDE,,https://clinicaltrials.gov/ct2/results?cond=COVID-19&term=CETYLPYRIDINIUM+CHLORIDE&cntry=&state=&city=&dist=&Search=Search
CYPROHEPTADINE HYDROCHLORIDE,,https://clinicaltrials.gov/ct2/results?cond=COVID-19&term=CYPROHEPTADINE+&cntry=&state=&city=&dist=&Search=Search
MELPHALAN,,https://clinicaltrials.gov/ct2/results?cond=COVID-19&term=MELPHALAN&cntry=&state=&city=&dist=&Search=Search
SULFAMETHOXAZOLE,,https://clinicaltrials.gov/ct2/results?cond=COVID-19&term=SULFAMETHOXAZOLE&cntry=&state=&city=&dist=&Search=Search
TRIAMTERENE,,https://clinicaltrials.gov/ct2/results?cond=COVID-19&term=TRIAMTERENE&cntry=&state=&city=&dist=&Search=Search
PRAZOSIN HYDROCHLORIDE,,https://clinicaltrials.gov/ct2/results?cond=COVID-19&term=PRAZOSIN+&cntry=&state=&city=&dist=&Search=Search
IBUPROFEN,,https://clinicaltrials.gov/ct2/results?cond=COVID-19&term=IBUPROFEN&cntry=&state=&city=&dist=&Search=Search
METHYLDOPA,,https://clinicaltrials.gov/ct2/results?cond=COVID-19&term=METHYLDOPA&cntry=&state=&city=&dist=&Search=Search
BENDROFLUMETHIAZIDE,,https://clinicaltrials.gov/ct2/results?cond=COVID-19&term=BENDROFLUMETHIAZIDE&cntry=&state=&city=&dist=&Search=Search
METOLAZONE,,https://clinicaltrials.gov/ct2/results?cond=COVID-19&term=METOLAZONE&cntry=&state=&city=&dist=&Search=Search
INDAPAMIDE,,https://clinicaltrials.gov/ct2/results?cond=COVID-19&term=INDAPAMIDE&cntry=&state=&city=&dist=&Search=Search
WARFARIN,,https://clinicaltrials.gov/ct2/results?cond=COVID-19&term=WARFARIN&cntry=&state=&city=&dist=&Search=Search
CYCLOSPORINE,,https://clinicaltrials.gov/ct2/results?cond=COVID-19&term=CYCLOSPORINE&cntry=&state=&city=&dist=&Search=Search
CHLORPROMAZINE,,https://clinicaltrials.gov/ct2/results?cond=COVID-19&term=CHLORPROMAZINE&cntry=&state=&city=&dist=&Search=Search
FLUORESCEIN,,https://clinicaltrials.gov/ct2/results?cond=COVID-19&term=FLUORESCEIN&cntry=&state=&city=&dist=&Search=Search
THEOPHYLLINE,,https://clinicaltrials.gov/ct2/results?cond=COVID-19&term=THEOPHYLLINE&cntry=&state=&city=&dist=&Search=Search
PROPRANOLOL HYDROCHLORIDE (+/-),,https://clinicaltrials.gov/ct2/results?cond=COVID-19&term=PROPRANOLOL+&cntry=&state=&city=&dist=&Search=Search
ETHACRYNIC ACID,,https://clinicaltrials.gov/ct2/results?cond=COVID-19&term=ETHACRYNIC+ACID&cntry=&state=&city=&dist=&Search=Search
FLURBIPROFEN,,-
BUPIVACAINE HYDROCHLORIDE,,https://clinicaltrials.gov/ct2/results?cond=COVID-19&term=BUPIVACAINE+&cntry=&state=&city=&dist=&Search=Search
PINDOLOL,,https://clinicaltrials.gov/ct2/results?cond=COVID-19&term=PINDOLOL&cntry=&state=&city=&dist=&Search=Search
PROMETHAZINE HYDROCHLORIDE,,-
PENTOXIFYLLINE,,https://clinicaltrials.gov/ct2/results?cond=COVID-19&term=PENTOXIFYLLINE&cntry=&state=&city=&dist=&Search=Search
GUANFACINE HYDROCHLORIDE,,https://clinicaltrials.gov/ct2/results?cond=COVID-19&term=GUANFACINE+&cntry=&state=&city=&dist=&Search=Search
LISINOPRIL,,https://clinicaltrials.gov/ct2/results?cond=COVID-19&term=LISINOPRIL&cntry=&state=&city=&dist=&Search=Search
INDOMETHACIN,,https://clinicaltrials.gov/ct2/results?cond=COVID-19&term=INDOMETHACIN&cntry=&state=&city=&dist=&Search=Search
PYRIDOSTIGMINE BROMIDE,,https://clinicaltrials.gov/ct2/results?cond=COVID-19&term=PYRIDOSTIGMINE+&cntry=&state=&city=&dist=&Search=Search
DIPHENHYDRAMINE HYDROCHLORIDE,,https://clinicaltrials.gov/ct2/results?cond=COVID-19&term=DIPHENHYDRAMINE+&cntry=&state=&city=&dist=&Search=Search
ASPIRIN,,https://clinicaltrials.gov/ct2/results?cond=COVID-19&term=ASPIRIN&cntry=&state=&city=&dist=&Search=Search
HYDROCORTISONE ACETATE,,https://clinicaltrials.gov/ct2/results?cond=COVID-19&term=HYDROCORTISONE+&cntry=&state=&city=&dist=&Search=Search
FUROSEMIDE,,https://clinicaltrials.gov/ct2/results?cond=COVID-19&term=FUROSEMIDE&cntry=&state=&city=&dist=&Search=Search
TRIMETHOPRIM,,https://clinicaltrials.gov/ct2/results?cond=COVID-19&term=TRIMETHOPRIM&cntry=&state=&city=&dist=&Search=Search
HYDROCHLOROTHIAZIDE,,https://clinicaltrials.gov/ct2/results?cond=COVID-19&term=HYDROCHLOROTHIAZIDE&cntry=&state=&city=&dist=&Search=Search
CHLORHEXIDINE DIHYDROCHLORIDE,,https://clinicaltrials.gov/ct2/results?cond=COVID-19&term=CHLORHEXIDINE+&cntry=&state=&city=&dist=&Search=Search
RETINOL,,https://clinicaltrials.gov/ct2/results?cond=COVID-19&term=RETINOL&cntry=&state=&city=&dist=&Search=Search
CHLOROTHIAZIDE,,https://clinicaltrials.gov/ct2/results?cond=COVID-19&term=CHLOROTHIAZIDE&cntry=&state=&city=&dist=&Search=Search
ALBUTEROL,,https://clinicaltrials.gov/ct2/results?cond=COVID-19&term=ALBUTEROL&cntry=&state=&city=&dist=&Search=Search
MELATONIN,,https://clinicaltrials.gov/ct2/results?cond=COVID-19&term=MELATONIN&cntry=&state=&city=&dist=&Search=Search
Dasatinib,,https://clinicaltrials.gov/ct2/results?cond=COVID-19&term=Dasatinib&cntry=&state=&city=&dist=&Search=Search
Fostamatinib (R788),,https://clinicaltrials.gov/ct2/results?cond=COVID-19&term=Fostamatinib+&cntry=&state=&city=&dist=&Search=Search
Fingolimod (FTY720) HCl,,https://clinicaltrials.gov/ct2/results?cond=COVID-19&term=Fingolimod+&cntry=&state=&city=&dist=&Search=Search
GLUTAMINE (D),,https://clinicaltrials.gov/ct2/results?cond=COVID-19&term=GLUTAMINE+&cntry=&state=&city=&dist=&Search=Search
Rapamycin,,https://clinicaltrials.gov/ct2/results?cond=COVID-19&term=Rapamycin&cntry=&state=&city=&dist=&Search=Search
Dutasteride,,https://clinicaltrials.gov/ct2/results?cond=COVID-19&term=Dutasteride&cntry=&state=&city=&dist=&Search=Search
Bosentan,,https://clinicaltrials.gov/ct2/results?cond=COVID-19&term=bosentan&cntry=&state=&city=&dist=&Search=Search
Diroximel fumarate,,https://clinicaltrials.gov/ct2/results?cond=COVID-19&term=Diroximel+&cntry=&state=&city=&dist=&Search=Search
Apremilast,,https://clinicaltrials.gov/ct2/results?cond=COVID-19&term=Apremilast&cntry=&state=&city=&dist=&Search=Search
Isavuconazole,,https://clinicaltrials.gov/ct2/results?cond=COVID-19&term=Isavuconazole&cntry=&state=&city=&dist=&Search=Search
Favipiravir,,https://clinicaltrials.gov/ct2/results?cond=COVID-19&term=Favipiravir&cntry=&state=&city=&dist=&Search=Search
Beclometasone dipropionate,,https://clinicaltrials.gov/ct2/results?cond=COVID-19&term=Beclometasone+&cntry=&state=&city=&dist=&Search=Search
Iloprost,,https://clinicaltrials.gov/ct2/results?cond=COVID-19&term=Iloprost&cntry=&state=&city=&dist=&Search=Search
Ozanimod,,https://clinicaltrials.gov/ct2/results?cond=COVID-19&term=Ozanimod&cntry=&state=&city=&dist=&Search=Search
Pirfenidone,,https://clinicaltrials.gov/ct2/results?cond=COVID-19&term=Pirfenidone&cntry=&state=&city=&dist=&Search=Search
Acalabrutinib,,https://clinicaltrials.gov/ct2/results?cond=COVID-19&term=Acalabrutinib&cntry=&state=&city=&dist=&Search=Search
Vortioxetine,,https://clinicaltrials.gov/ct2/results?cond=COVID-19&term=Vortioxetine&cntry=&state=&city=&dist=&Search=Search
Tenofovir Disoproxil,,https://clinicaltrials.gov/ct2/results?cond=COVID-19&term=Tenofovir+Disoproxil&cntry=&state=&city=&dist=&Search=Search
Tazemetostat,,https://clinicaltrials.gov/ct2/results?cond=COVID-19&term=Tazemetostat&cntry=&state=&city=&dist=&Search=Search
Regadenoson,,https://clinicaltrials.gov/ct2/results?cond=COVID-19&term=Regadenoson&cntry=&state=&city=&dist=&Search=Search
Siponimod,,https://clinicaltrials.gov/ct2/results?cond=COVID-19&term=Siponimod&cntry=&state=&city=&dist=&Search=Search
Ritonavir,,https://clinicaltrials.gov/ct2/results?cond=COVID-19&term=Ritonavir&cntry=&state=&city=&dist=&Search=Search
Zafirlukast,,https://clinicaltrials.gov/ct2/results?cond=COVID-19&term=Zafirlukast&cntry=&state=&city=&dist=&Search=Search
Emtricitabine,,https://clinicaltrials.gov/ct2/results?cond=COVID-19&term=Emtricitabine&cntry=&state=&city=&dist=&Search=Search
Ambrisentan,,https://clinicaltrials.gov/ct2/results?cond=COVID-19&term=Ambrisentan&cntry=&state=&city=&dist=&Search=Search
Aprepitant,,https://clinicaltrials.gov/ct2/results?cond=COVID-19&term=Aprepitant&cntry=&state=&city=&dist=&Search=Search
Minoxidil ,,https://clinicaltrials.gov/ct2/results?cond=COVID-19&term=Minoxidil+&cntry=&state=&city=&dist=&Search=Search
Retinoic acid,,https://clinicaltrials.gov/ct2/results?cond=COVID-19&term=Retinoic+acid&cntry=&state=&city=&dist=&Search=Search
Pyruvic acid,,https://clinicaltrials.gov/ct2/results?cond=COVID-19&term=Pyruvic+acid&cntry=&state=&city=&dist=&Search=Search
N-Acetyl-D-glucosamine,,https://clinicaltrials.gov/ct2/results?cond=COVID-19&term=N-Acetyl-D-glucosamine&cntry=&state=&city=&dist=&Search=Search
PREGABALIN HYDROCHLORIDE,,https://clinicaltrials.gov/ct2/results?cond=COVID-19&term=PREGABALIN+&cntry=&state=&city=&dist=&Search=Search
GLYCOPYRROLATE,,https://clinicaltrials.gov/ct2/results?cond=COVID-19&term=GLYCOPYRROLATE&cntry=&state=&city=&dist=&Search=Search
GLUCOSAMINE HYDROCHLORIDE,,https://clinicaltrials.gov/ct2/results?cond=COVID-19&term=GLUCOSAMINE+&cntry=&state=&city=&dist=&Search=Search
THALIDOMIDE,,https://clinicaltrials.gov/ct2/results?cond=COVID-19&term=THALIDOMIDE&cntry=&state=&city=&dist=&Search=Search
TRETINOIN,,https://clinicaltrials.gov/ct2/results?cond=COVID-19&term=TRETINOIN&cntry=&state=&city=&dist=&Search=Search
NIACINAMIDE,,https://clinicaltrials.gov/ct2/results?cond=COVID-19&term=NIACINAMIDE&cntry=&state=&city=&dist=&Search=Search
ESTRADIOL CYPIONATE,,https://clinicaltrials.gov/ct2/results?cond=COVID-19&term=ESTRADIOL+CYPIONATE&cntry=&state=&city=&dist=&Search=Search
Estradiol (cypionate),,https://clinicaltrials.gov/ct2/results?cond=COVID-19&term=ESTRADIOL+CYPIONATE&cntry=&state=&city=&dist=&Search=Search
Estradiol valerianate,,https://clinicaltrials.gov/ct2/results?cond=COVID-19&term=ESTRADIOL+CYPIONATE&cntry=&state=&city=&dist=&Search=Search
Cyclosporin A,,https://clinicaltrials.gov/ct2/results?cond=COVID-19&term=Cyclosporin+A&cntry=&state=&city=&dist=&Search=Search
ITRACONAZOLE HYDROCHLORIDE,,https://clinicaltrials.gov/ct2/results?cond=COVID-19&term=ITRACONAZOLE+&cntry=&state=&city=&dist=&Search=Search
NICARDIPINE HYDROCHLORIDE,,https://clinicaltrials.gov/ct2/results?cond=COVID-19&term=NICARDIPINE+&cntry=&state=&city=&dist=&Search=Search
AMIODARONE HYDROCHLORIDE,,https://clinicaltrials.gov/ct2/results?cond=COVID-19&term=AMIODARONE+&cntry=&state=&city=&dist=&Search=Search
CARVEDILOL,,https://clinicaltrials.gov/ct2/results?cond=COVID-19&term=CARVEDILOL&cntry=&state=&city=&dist=&Search=Search
THIAMINE,,https://clinicaltrials.gov/ct2/results?cond=COVID-19&term=THIAMINE&cntry=&state=&city=&dist=&Search=Search
NIACIN,,https://clinicaltrials.gov/ct2/results?cond=COVID-19&term=NIACIN&cntry=&state=&city=&dist=&Search=Search
Darunavir,,https://clinicaltrials.gov/ct2/results?cond=COVID-19&term=Darunavir&cntry=&state=&city=&dist=&Search=Search
Cobicistat,,https://clinicaltrials.gov/ct2/results?cond=COVID-19&term=Cobicistat&cntry=&state=&city=&dist=&Search=Search
Fluticasone (propionate),,https://clinicaltrials.gov/ct2/results?cond=COVID-19&term=Fluticasone+&cntry=&state=&city=&dist=&Search=Search
Tenofovir alafenamide,,https://clinicaltrials.gov/ct2/results?cond=COVID-19&term=Tenofovir+alafenamide&cntry=&state=&city=&dist=&Search=Search
Sofosbuvir,,https://clinicaltrials.gov/ct2/results?cond=COVID-19&term=Sofosbuvir&cntry=&state=&city=&dist=&Search=Search
Lenalidomide,,https://clinicaltrials.gov/ct2/results?cond=COVID-19&term=Lenalidomide&cntry=&state=&city=&dist=&Search=Search
Ethynyl Estradiol,,https://clinicaltrials.gov/ct2/results?cond=COVID-19&term=Ethynyl+Estradiol&cntry=&state=&city=&dist=&Search=Search
Nelfinavir,,-
Dolutegravir,,-
Lopinavir,,https://clinicaltrials.gov/ct2/results?cond=COVID-19&term=Lopinavir&cntry=&state=&city=&dist=&Search=Search
Atorvastatin,,https://clinicaltrials.gov/ct2/results?cond=COVID-19&term=Atorvastatin&cntry=&state=&city=&dist=&Search=Search
Methotrexate,,https://clinicaltrials.gov/ct2/results?cond=COVID-19&term=Methotrexate&cntry=&state=&city=&dist=&Search=Search
Ledipasvir,,https://clinicaltrials.gov/ct2/results?cond=COVID-19&term=Ledipasvir&cntry=&state=&city=&dist=&Search=Search
Sacubitril,,https://clinicaltrials.gov/ct2/results?cond=COVID-19&term=Sacubitril&cntry=&state=&city=&dist=&Search=Search
Enzalutamide,,https://clinicaltrials.gov/ct2/results?cond=COVID-19&term=Enzalutamide&cntry=&state=&city=&dist=&Search=Search
Ibrutinib,,https://clinicaltrials.gov/ct2/results?cond=COVID-19&term=Ibrutinib&cntry=&state=&city=&dist=&Search=Search
Edoxaban,,https://clinicaltrials.gov/ct2/results?cond=COVID-19&term=Edoxaban&cntry=&state=&city=&dist=&Search=Search
Empagliflozin,,https://clinicaltrials.gov/ct2/results?cond=COVID-19&term=Empagliflozin&cntry=&state=&city=&dist=&Search=Search
Eplerenone,,https://clinicaltrials.gov/ct2/results?cond=COVID-19&term=Eplerenone&cntry=&state=&city=&dist=&Search=Search
Linagliptin,,https://clinicaltrials.gov/ct2/results?cond=COVID-19&term=Linagliptin&cntry=&state=&city=&dist=&Search=Search
Ticagrelor,,https://clinicaltrials.gov/ct2/results?cond=COVID-19&term=Ticagrelor&cntry=&state=&city=&dist=&Search=Search
Ropivacaine,,https://clinicaltrials.gov/ct2/results?cond=COVID-19&term=Ropivacaine&cntry=&state=&city=&dist=&Search=Search
Raltegravir,,-
Etravirine,,
Salmeterol,,
Sucrose,,
D-α-Tocopherol acetate,,https://clinicaltrials.gov/ct2/results?cond=COVID-19&term=Tocopherol+&cntry=&state=&city=&dist=&Search=Search
α-Vitamin E,,https://clinicaltrials.gov/ct2/results?cond=COVID-19&term=Vitamin+E&cntry=&state=&city=&dist=&Search=Search
Eicosapentaenoic Acid,,https://clinicaltrials.gov/ct2/results?cond=COVID-19&term=Eicosapentaenoic+Acid&cntry=&state=&city=&dist=&Search=Search
Succinic acid,,-
FENOFIBRATE,,https://clinicaltrials.gov/ct2/results?cond=COVID-19&term=FENOFIBRATE&cntry=&state=&city=&dist=&Search=Search
FENOFIBRIC ACID,,https://clinicaltrials.gov/ct2/results?cond=COVID-19&term=FENOFIBRIC+ACID&cntry=&state=&city=&dist=&Search=Search
AMLODIPINE BESYLATE,,https://clinicaltrials.gov/ct2/results?cond=COVID-19&term=AMLODIPINE+&cntry=&state=&city=&dist=&Search=Search
NISOLDIPINE,,https://clinicaltrials.gov/ct2/results?cond=COVID-19&term=NISOLDIPINE&cntry=&state=&city=&dist=&Search=Search
DOXAZOSIN MESYLATE,,https://clinicaltrials.gov/ct2/results?cond=COVID-19&term=DOXAZOSIN+&cntry=&state=&city=&dist=&Search=Search
AZELASTINE HYDROCHLORIDE,,-
FLUOXETINE HYDROCHLORIDE,,https://clinicaltrials.gov/ct2/results?cond=COVID-19&term=FLUOXETINE+&cntry=&state=&city=&dist=&Search=Search
OLANZAPINE,,-
TELMISARTAN,,https://clinicaltrials.gov/ct2/results?cond=COVID-19&term=TELMISARTAN&cntry=&state=&city=&dist=&Search=Search
DEFEROXAMINE MESYLATE,,https://clinicaltrials.gov/ct2/results?cond=COVID-19&term=DEFEROXAMINE+&cntry=&state=&city=&dist=&Search=Search
PIOGLITAZONE HYDROCHLORIDE,,https://clinicaltrials.gov/ct2/results?cond=COVID-19&term=PIOGLITAZONE+&cntry=&state=&city=&dist=&Search=Search
CELECOXIB,,https://clinicaltrials.gov/ct2/results?cond=COVID-19&term=CELECOXIB&cntry=&state=&city=&dist=&Search=Search
MODAFINIL,,https://clinicaltrials.gov/ct2/results?cond=COVID-19&term=MODAFINIL&cntry=&state=&city=&dist=&Search=Search
SILDENAFIL CITRATE,,https://clinicaltrials.gov/ct2/results?cond=COVID-19&term=SILDENAFIL+&cntry=&state=&city=&dist=&Search=Search
LEFLUNOMIDE,,https://clinicaltrials.gov/ct2/results?cond=COVID-19&term=LEFLUNOMIDE&cntry=&state=&city=&dist=&Search=Search
MEFLOQUINE,,https://clinicaltrials.gov/ct2/results?cond=COVID-19&term=MEFLOQUINE&cntry=&state=&city=&dist=&Search=Search
TOPOTECAN HYDROCHLORIDE,,https://clinicaltrials.gov/ct2/results?cond=COVID-19&term=TOPOTECAN+&cntry=&state=&city=&dist=&Search=Search
APIXABAN,,https://clinicaltrials.gov/ct2/results?cond=COVID-19&term=APIXABAN&cntry=&state=&city=&dist=&Search=Search
MYCOPHENOLATE MOFETIL,,https://clinicaltrials.gov/ct2/results?cond=COVID-19&term=MYCOPHENOLATE+&cntry=&state=&city=&dist=&Search=Search
MOXIFLOXACIN HYDROCHLORIDE,,https://clinicaltrials.gov/ct2/results?cond=COVID-19&term=MOXIFLOXACIN+&cntry=&state=&city=&dist=&Search=Search
METFORMIN HYDROCHLORIDE,,https://clinicaltrials.gov/ct2/results?cond=COVID-19&term=METFORMIN+&cntry=&state=&city=&dist=&Search=Search
ATRACURIUM BESYLATE,,https://clinicaltrials.gov/ct2/results?cond=COVID-19&term=ATRACURIUM+&cntry=&state=&city=&dist=&Search=Search
AMANTADINE HYDROCHLORIDE,,https://clinicaltrials.gov/ct2/results?cond=COVID-19&term=AMANTADINE+&cntry=&state=&city=&dist=&Search=Search
HYDRALAZINE HYDROCHLORIDE,,https://clinicaltrials.gov/ct2/results?cond=COVID-19&term=HYDRALAZINE+&cntry=&state=&city=&dist=&Search=Search
AMILORIDE HYDROCHLORIDE,,https://clinicaltrials.gov/ct2/results?cond=COVID-19&term=AMILORIDE+&cntry=&state=&city=&dist=&Search=Search
CLONIDINE HYDROCHLORIDE,,https://clinicaltrials.gov/ct2/results?cond=COVID-19&term=CLONIDINE+&cntry=&state=&city=&dist=&Search=Search
PRIMAQUINE PHOSPHATE,,https://clinicaltrials.gov/ct2/results?cond=COVID-19&term=PRIMAQUINE+&cntry=&state=&city=&dist=&Search=Search
SIMVASTATIN,,https://clinicaltrials.gov/ct2/results?cond=COVID-19&term=SIMVASTATIN&cntry=&state=&city=&dist=&Search=Search
TORSEMIDE,,https://clinicaltrials.gov/ct2/results?cond=COVID-19&term=TORSEMIDE&cntry=&state=&city=&dist=&Search=Search
CLOPIDOGREL SULFATE,,https://clinicaltrials.gov/ct2/results?cond=COVID-19&term=CLOPIDOGREL+&cntry=&state=&city=&dist=&Search=Search
ACETAMINOPHEN,,https://clinicaltrials.gov/ct2/results?cond=COVID-19&term=ACETAMINOPHEN&cntry=&state=&city=&dist=&Search=Search
LIDOCAINE HYDROCHLORIDE,,https://clinicaltrials.gov/ct2/results?cond=COVID-19&term=LIDOCAINE+&cntry=&state=&city=&dist=&Search=Search
HYDROXYCHLOROQUINE SULFATE,,https://clinicaltrials.gov/ct2/results?cond=COVID-19&term=HYDROXYCHLOROQUINE+&cntry=&state=&city=&dist=&Search=Search
Hydrocortisone 17-butyrate,,https://clinicaltrials.gov/ct2/results?cond=COVID-19&term=Hydrocortisone+&cntry=&state=&city=&dist=&Search=Search
MINOXIDIL HYDROCHLORIDE,,https://clinicaltrials.gov/ct2/results?cond=COVID-19&term=MINOXIDIL+&cntry=&state=&city=&dist=&Search=Search
PHENELZINE SULFATE,,https://clinicaltrials.gov/ct2/results?cond=COVID-19&term=PHENELZINE&cntry=&state=&city=&dist=&Search=Search
DOXYCYCLINE HYDROCHLORIDE,,https://clinicaltrials.gov/ct2/results?cond=COVID-19&term=DOXYCYCLINE+&cntry=&state=&city=&dist=&Search=Search
METHOTREXATE(+/-),,https://clinicaltrials.gov/ct2/results?cond=COVID-19&term=METHOTREXATE&cntry=&state=&city=&dist=&Search=Search
OMEPRAZOLE,,https://clinicaltrials.gov/ct2/results?cond=COVID-19&term=OMEPRAZOLE&cntry=&state=&city=&dist=&Search=Search
PALMIDROL [5mM],,https://clinicaltrials.gov/ct2/results?cond=COVID-19&term=PALMIDROL+&cntry=&state=&city=&dist=&Search=Search
Oseltamivir acid,,-
Silibinin,,https://clinicaltrials.gov/ct2/results?cond=COVID-19&term=Silibinin&cntry=&state=&city=&dist=&Search=Search
Duvelisib (IPI-145_ INK1197),,https://clinicaltrials.gov/ct2/results?cond=COVID-19&term=Duvelisib+&cntry=&state=&city=&dist=&Search=Search
Tofacitinib (CP-690550 or Tasocitinib),,https://clinicaltrials.gov/ct2/results?cond=COVID-19&term=Tofacitinib+&cntry=&state=&city=&dist=&Search=Search
Decitabine,,https://clinicaltrials.gov/ct2/results?cond=COVID-19&term=Decitabine&cntry=&state=&city=&dist=&Search=Search
Baricitinib (LY3009104 or  INCB028050),,https://clinicaltrials.gov/ct2/results?cond=COVID-19&term=Baricitinib+&cntry=&state=&city=&dist=&Search=Search
Hesperidin,,https://clinicaltrials.gov/ct2/results?cond=COVID-19&term=Hesperidin&cntry=&state=&city=&dist=&Search=Search
Ruxolitinib (INCB018424),,https://clinicaltrials.gov/ct2/results?cond=COVID-19&term=Ruxolitinib+&cntry=&state=&city=&dist=&Search=Search
Pregnenolone,,https://clinicaltrials.gov/ct2/results?cond=COVID-19&term=Pregnenolone&cntry=&state=&city=&dist=&Search=Search
Estradiol benzoate,,https://clinicaltrials.gov/ct2/results?cond=COVID-19&term=Estradiol+benzoate&cntry=&state=&city=&dist=&Search=Search
Medetomidine,,-
Dexamethasone,,https://clinicaltrials.gov/ct2/results?cond=COVID-19&term=Dexamethasone&cntry=&state=&city=&dist=&Search=Search
TESTOSTERONE PROPIONATE,,https://clinicaltrials.gov/ct2/results?cond=COVID-19&term=TESTOSTERONE+&cntry=&state=&city=&dist=&Search=Search
Genistein,,https://clinicaltrials.gov/ct2/results?cond=COVID-19&term=Genistein&cntry=&state=&city=&dist=&Search=Search
AZILSARTAN MEDOXOMIL,,https://clinicaltrials.gov/ct2/results?cond=COVID-19&term=AZILSARTAN+&cntry=&state=&city=&dist=&Search=Search
Olmesartan medoxomil,,https://clinicaltrials.gov/ct2/results?cond=COVID-19&term=Olmesartan+&cntry=&state=&city=&dist=&Search=Search
Toremifene (citrate),,https://clinicaltrials.gov/ct2/results?cond=COVID-19&term=Toremifene+&cntry=&state=&city=&dist=&Search=Search
CLINDAMYCIN HYDROCHLORIDE,,https://clinicaltrials.gov/ct2/results?cond=COVID-19&term=CLINDAMYCIN+&cntry=&state=&city=&dist=&Search=Search
MINOCYCLINE HYDROCHLORIDE,,https://clinicaltrials.gov/ct2/results?cond=COVID-19&term=MINOCYCLINE+&cntry=&state=&city=&dist=&Search=Search
TRAMADOL HYDROCHLORIDE,,https://clinicaltrials.gov/ct2/results?cond=COVID-19&term=TRAMADOL+&cntry=&state=&city=&dist=&Search=Search
Candesartan,,https://clinicaltrials.gov/ct2/results?cond=COVID-19&term=Candesartan&cntry=&state=&city=&dist=&Search=Search
TENOFOVIR,,https://clinicaltrials.gov/ct2/results?cond=COVID-19&term=TENOFOVIR&cntry=&state=&city=&dist=&Search=Search
Canrenone,,https://clinicaltrials.gov/ct2/results?cond=COVID-19&term=Canrenone&cntry=&state=&city=&dist=&Search=Search
Febuxostat,,-
Oseltamivir (phosphate),,https://clinicaltrials.gov/ct2/results?cond=COVID-19&term=Oseltamivir+&cntry=&state=&city=&dist=&Search=Search
Ezetimibe,,https://clinicaltrials.gov/ct2/results?cond=COVID-19&term=Ezetimibe&cntry=&state=&city=&dist=&Search=Search
Losartan,,https://clinicaltrials.gov/ct2/results?cond=COVID-19&term=Losartan&cntry=&state=&city=&dist=&Search=Search
Bicalutamide,,https://clinicaltrials.gov/ct2/results?cond=COVID-19&term=Bicalutamide&cntry=&state=&city=&dist=&Search=Search
Trandolapril,,https://clinicaltrials.gov/ct2/results?cond=COVID-19&term=Trandolapril&cntry=&state=&city=&dist=&Search=Search
Perindopril (erbumine),,https://clinicaltrials.gov/ct2/results?cond=COVID-19&term=Perindopril+&cntry=&state=&city=&dist=&Search=Search
Artemether,,-
Rivaroxaban,,https://clinicaltrials.gov/ct2/results?cond=COVID-19&term=Rivaroxaban&cntry=&state=&city=&dist=&Search=Search
Nitrendipine,,https://clinicaltrials.gov/ct2/results?cond=COVID-19&term=Nitrendipine&cntry=&state=&city=&dist=&Search=Search
Artesunate,,https://clinicaltrials.gov/ct2/results?cond=COVID-19&term=Artesunate&cntry=&state=&city=&dist=&Search=Search
(S)-(+)-Ibuprofen,,https://clinicaltrials.gov/ct2/results?cond=COVID-19&term=Ibuprofen&cntry=&state=&city=&dist=&Search=Search
Valsartan,,https://clinicaltrials.gov/ct2/results?cond=COVID-19&term=Valsartan&cntry=&state=&city=&dist=&Search=Search
Levofloxacin,,https://clinicaltrials.gov/ct2/results?cond=COVID-19&term=Levofloxacin&cntry=&state=&city=&dist=&Search=Search
Nicorandil,,https://clinicaltrials.gov/ct2/results?cond=COVID-19&term=Nicorandil&cntry=&state=&city=&dist=&Search=Search
Nitazoxanide,,https://clinicaltrials.gov/ct2/results?cond=COVID-19&term=Nitazoxanide&cntry=&state=&city=&dist=&Search=Search
Niclosamide,,https://clinicaltrials.gov/ct2/results?cond=COVID-19&term=Niclosamide&cntry=&state=&city=&dist=&Search=Search
Ramelteon,,https://clinicaltrials.gov/ct2/results?cond=COVID-19&term=Ramelteon&cntry=&state=&city=&dist=&Search=Search
Tadalafil,,https://clinicaltrials.gov/ct2/results?cond=COVID-19&term=Tadalafil&cntry=&state=&city=&dist=&Search=Search
Dapagliflozin,,https://clinicaltrials.gov/ct2/results?cond=COVID-19&term=Dapagliflozin&cntry=&state=&city=&dist=&Search=Search
Prasugrel,,https://clinicaltrials.gov/ct2/results?cond=COVID-19&term=Prasugrel&cntry=&state=&city=&dist=&Search=Search
Candesartan Cilexetil,,https://clinicaltrials.gov/ct2/results?cond=COVID-19&term=Candesartan+&cntry=&state=&city=&dist=&Search=Search
Chloroquine Phosphate,,https://clinicaltrials.gov/ct2/results?cond=COVID-19&term=Chloroquine+&cntry=&state=&city=&dist=&Search=Search
EUCALYPTOL,,-
HYDROCORTISONE HEMISUCCINATE,,https://clinicaltrials.gov/ct2/results?cond=COVID-19&term=HYDROCORTISONE+&cntry=&state=&city=&dist=&Search=Search
Ribavirin,,https://clinicaltrials.gov/ct2/results?cond=COVID-19&term=Ribavirin&cntry=&state=&city=&dist=&Search=Search
Azithromycin,,https://clinicaltrials.gov/ct2/results?cond=COVID-19&term=Azithromycin&cntry=&state=&city=&dist=&Search=Search
Ramipril,,https://clinicaltrials.gov/ct2/results?cond=COVID-19&term=Ramipril&cntry=&state=&city=&dist=&Search=Search
Tazobactam,,https://clinicaltrials.gov/ct2/results?cond=COVID-19&term=Tazobactam&cntry=&state=&city=&dist=&Search=Search
ATOVAQUONE,,https://clinicaltrials.gov/ct2/results?cond=COVID-19&term=ATOVAQUONE&cntry=&state=&city=&dist=&Search=Search
Famotidine,,https://clinicaltrials.gov/ct2/results?cond=COVID-19&term=Famotidine&cntry=&state=&city=&dist=&Search=Search
Nifedipine,,https://clinicaltrials.gov/ct2/results?cond=COVID-19&term=Nifedipine&cntry=&state=&city=&dist=&Search=Search
Clarithromycin,,https://clinicaltrials.gov/ct2/results?cond=COVID-19&term=Clarithromycin&cntry=&state=&city=&dist=&Search=Search
Spironolactone,,https://clinicaltrials.gov/ct2/results?cond=COVID-19&term=Spironolactone&cntry=&state=&city=&dist=&Search=Search
Etoposide,,https://clinicaltrials.gov/ct2/results?cond=COVID-19&term=Etoposide&cntry=&state=&city=&dist=&Search=Search
Captopril,,https://clinicaltrials.gov/ct2/results?cond=COVID-19&term=Captopril&cntry=&state=&city=&dist=&Search=Search
Metronidazole,,-
Amoxicillin,,https://clinicaltrials.gov/ct2/results?cond=COVID-19&term=Amoxicillin&cntry=&state=&city=&dist=&Search=Search
Progesterone,,https://clinicaltrials.gov/ct2/results?cond=COVID-19&term=Progesterone&cntry=&state=&city=&dist=&Search=Search
Hydrocortisone,,https://clinicaltrials.gov/ct2/results?cond=COVID-19&drug=%22hydrocortisone%22
Methylprednisolone,,https://clinicaltrials.gov/ct2/results?term=Methylprednisolone&cond=COVID-19
Prednisolone,,https://clinicaltrials.gov/ct2/results?cond=COVID-19&term=Prednisolone&cntry=&state=&city=&dist=&Search=Search
Naproxen,,https://clinicaltrials.gov/ct2/results?cond=COVID-19&term=Naproxen&cntry=&state=&city=&dist=&Search=Search
Clofazimine,,https://clinicaltrials.gov/ct2/results?cond=COVID-19&term=Clofazimine&cntry=&state=&city=&dist=&Search=Search
Loratadine,,https://clinicaltrials.gov/ct2/results?cond=COVID-19&term=Loratadine&cntry=&state=&city=&dist=&Search=Search
Vitamin K1,,https://clinicaltrials.gov/ct2/results?cond=COVID-19&term=Vitamin+K1&cntry=&state=&city=&dist=&Search=Search
Reserpine,,https://clinicaltrials.gov/ct2/results?cond=COVID-19&term=Reserpine&cntry=&state=&city=&dist=&Search=Search
Acetylcysteine,,https://clinicaltrials.gov/ct2/results?cond=COVID-19&term=Acetylcysteine&cntry=&state=&city=&dist=&Search=Search
Mometasone furoate,,https://clinicaltrials.gov/ct2/results?cond=COVID-19&term=Mometasone+&cntry=&state=&city=&dist=&Search=Search
Dexamethasone acetate,,https://clinicaltrials.gov/ct2/results?cond=COVID-19&term=Dexamethasone+&cntry=&state=&city=&dist=&Search=Search
Estradiol,,https://clinicaltrials.gov/ct2/results?cond=COVID-19&term=Estradiol&cntry=&state=&city=&dist=&Search=Search
L-Ascorbic acid,,https://clinicaltrials.gov/ct2/results?cond=COVID-19&term=L-Ascorbic+acid&cntry=&state=&city=&dist=&Search=Search
Folic acid,,https://clinicaltrials.gov/ct2/results?cond=COVID-19&term=Folic+acid&cntry=&state=&city=&dist=&Search=Search
Biotin,,-
Colchicine,,https://clinicaltrials.gov/ct2/results?cond=COVID-19&term=Colchicine&cntry=&state=&city=&dist=&Search=Search
Artemisinin,,https://clinicaltrials.gov/ct2/results?cond=COVID-19&term=Artemisinin&cntry=&state=&city=&dist=&Search=Search
(-)-Epigallocatechin Gallate,,https://clinicaltrials.gov/ct2/results?cond=COVID-19&term=Epigallocatechin+Gallate&cntry=&state=&city=&dist=&Search=Search
Masitinib (AB1010),,https://clinicaltrials.gov/ct2/results?cond=COVID-19&term=Masitinib+&cntry=&state=&city=&dist=&Search=Search
EBSELEN,,https://clinicaltrials.gov/ct2/results?cond=COVID-19&term=EBSELEN&cntry=&state=&city=&dist=&Search=Search
PYRONARIDINE TETRAPHOSPHATE,,https://clinicaltrials.gov/ct2/results?cond=COVID-19&term=PYRONARIDINE+&cntry=&state=&city=&dist=&Search=Search
Tucidinostat,,-
Ibudilast,,https://clinicaltrials.gov/ct2/results?cond=COVID-19&term=Ibudilast&cntry=&state=&city=&dist=&Search=Search
Vadadustat,,https://clinicaltrials.gov/ct2/results?cond=COVID-19&term=Vadadustat&cntry=&state=&city=&dist=&Search=Search
CARNITINE (dl) HYDROCHLORIDE,,https://clinicaltrials.gov/ct2/results?cond=COVID-19&term=CARNITINE+&cntry=&state=&city=&dist=&Search=Search
AMODIAQUINE DIHYDROCHLORIDE,,https://clinicaltrials.gov/ct2/results?cond=COVID-19&term=AMODIAQUINE+&cntry=&state=&city=&dist=&Search=Search
Duvelisib (R enantiomer),,https://clinicaltrials.gov/ct2/results?cond=COVID-19&term=Duvelisib+&cntry=&state=&city=&dist=&Search=Search
Valproic acid sodium salt (Sodium valproate),,https://clinicaltrials.gov/ct2/results?cond=COVID-19&term=Sodium+valproate&cntry=&state=&city=&dist=&Search=Search
Perflubron,,https://clinicaltrials.gov/ct2/results?cond=COVID-19&term=Perflubron&cntry=&state=&city=&dist=&Search=Search
LEVAMISOLE HYDROCHLORIDE,,https://clinicaltrials.gov/ct2/results?cond=COVID-19&term=LEVAMISOLE+&cntry=&state=&city=&dist=&Search=Search
(-)-Menthol,,https://clinicaltrials.gov/ct2/results?cond=COVID-19&term=Menthol&cntry=&state=&city=&dist=&Search=Search
(S)-Tenofovir,,https://clinicaltrials.gov/ct2/results?cond=COVID-19&term=Tenofovir&cntry=&state=&city=&dist=&Search=Search
(±)-Zanubrutinib,,https://clinicaltrials.gov/ct2/results?cond=COVID-19&term=Zanubrutinib&cntry=&state=&city=&dist=&Search=Search
Alpha-Estradiol,,-
AMPICILLIN SODIUM,,-
Argatroban (monohydrate),,https://clinicaltrials.gov/ct2/results?cond=COVID-19&term=Argatroban+&cntry=&state=&city=&dist=&Search=Search
ARGININE HYDROCHLORIDE,,https://clinicaltrials.gov/ct2/results?cond=COVID-19&term=ARGININE+&cntry=&state=&city=&dist=&Search=Search
ATORVASTATIN CALCIUM,,https://clinicaltrials.gov/ct2/results?cond=COVID-19&term=ATORVASTATIN+&cntry=&state=&city=&dist=&Search=Search
BECLOMETHASONE DIPROPIONATE,,https://clinicaltrials.gov/ct2/results?cond=COVID-19&term=BECLOMETHASONE+&cntry=&state=&city=&dist=&Search=Search
"BETAMETHASONE 17,21-DIPROPIONATE",,
BETAMETHASONE ACETATE,,https://clinicaltrials.gov/ct2/results?cond=COVID-19&term=BETAMETHASONE+&cntry=&state=&city=&dist=&Search=Search#
BETAMETHASONE SODIUM PHOSPHATE,,https://clinicaltrials.gov/ct2/results?cond=COVID-19&term=BETAMETHASONE+&cntry=&state=&city=&dist=&Search=Search#
BETAMETHASONE VALERATE,,https://clinicaltrials.gov/ct2/results?cond=COVID-19&term=BETAMETHASONE+&cntry=&state=&city=&dist=&Search=Search#
BISMUTH SUBSALICYLATE,,https://clinicaltrials.gov/ct2/results?cond=COVID-19&term=BISMUTH+&cntry=&state=&city=&dist=&Search=Search
BUDESONIDE,,https://clinicaltrials.gov/ct2/results?cond=COVID-19&term=BUDESONIDE&cntry=&state=&city=&dist=&Search=Search
CARVEDILOL PHOSPHATE,,https://clinicaltrials.gov/ct2/results?cond=COVID-19&term=CARVEDILOL+&cntry=&state=&city=&dist=&Search=Search
CEFEPIME HYDROCHLORIDE,,https://clinicaltrials.gov/ct2/results?cond=COVID-19&term=CEFEPIME+&cntry=&state=&city=&dist=&Search=Search
CEFTRIAXONE SODIUM TRIHYDRATE,,https://clinicaltrials.gov/ct2/results?cond=COVID-19&term=CEFTRIAXONE+&cntry=&state=&city=&dist=&Search=Search
CETIRIZINE HYDROCHLORIDE,,https://clinicaltrials.gov/ct2/results?cond=COVID-19&term=CETIRIZINE+&cntry=&state=&city=&dist=&Search=Search
CHOLECALCIFEROL,,https://clinicaltrials.gov/ct2/results?cond=COVID-19&term=CHOLECALCIFEROL&cntry=&state=&city=&dist=&Search=Search
Clavulanate (lithium),,https://clinicaltrials.gov/ct2/results?cond=COVID-19&term=Clavulanate+&cntry=&state=&city=&dist=&Search=Search
Clindamycin palmitate (hydrochloride),,https://clinicaltrials.gov/ct2/results?cond=COVID-19&term=Clindamycin+&cntry=&state=&city=&dist=&Search=Search
CROMOLYN SODIUM,,https://clinicaltrials.gov/ct2/results?cond=COVID-19&term=CROMOLYN+&cntry=&state=&city=&dist=&Search=Search
CYANOCOBALAMIN,,https://clinicaltrials.gov/ct2/results?cond=COVID-19&term=CYANOCOBALAMIN&cntry=&state=&city=&dist=&Search=Search
Daclatasvir (dihydrochloride),,https://clinicaltrials.gov/ct2/results?cond=COVID-19&term=Daclatasvir+&cntry=&state=&city=&dist=&Search=Search
Dexamethasone palmitate,,https://clinicaltrials.gov/ct2/results?cond=COVID-19&term=Dexamethasone+&cntry=&state=&city=&dist=&Search=Search
DEXAMETHASONE SODIUM PHOSPHATE,,https://clinicaltrials.gov/ct2/results?cond=COVID-19&term=Dexamethasone+&cntry=&state=&city=&dist=&Search=Search
DEXLANSOPRAZOLE,,https://clinicaltrials.gov/ct2/results?cond=COVID-19&term=DEXLANSOPRAZOLE&cntry=&state=&city=&dist=&Search=Search
Diclofenac (potassium),,https://clinicaltrials.gov/ct2/results?cond=COVID-19&term=Diclofenac+&cntry=&state=&city=&dist=&Search=Search
DICLOFENAC SODIUM,,https://clinicaltrials.gov/ct2/results?cond=COVID-19&term=Diclofenac+&cntry=&state=&city=&dist=&Search=Search
DILTIAZEM HYDROCHLORIDE,,https://clinicaltrials.gov/ct2/results?cond=COVID-19&term=DILTIAZEM+&cntry=&state=&city=&dist=&Search=Search
Eicosapentaenoic acid ethyl ester,,https://clinicaltrials.gov/ct2/results?cond=COVID-19&term=Eicosapentaenoic+acid+ethyl+ester&cntry=&state=&city=&dist=&Search=Search
ENALAPRIL MALEATE,,https://clinicaltrials.gov/ct2/results?cond=COVID-19&term=ENALAPRIL+&cntry=&state=&city=&dist=&Search=Search
ent-Tadalafil,,-
ESOMEPRAZOLE POTASSIUM,,https://clinicaltrials.gov/ct2/results?cond=COVID-19&term=ESOMEPRAZOLE+&cntry=&state=&city=&dist=&Search=Search
ESTRADIOL ACETATE,,https://clinicaltrials.gov/ct2/results?cond=COVID-19&term=ESTRADIOL+&cntry=&state=&city=&dist=&Search=Search
ESTRADIOL DIACETATE,,-
Estradiol dipropionate,,https://clinicaltrials.gov/ct2/results?cond=COVID-19&term=ESTRADIOL+&cntry=&state=&city=&dist=&Search=Search
ESTRADIOL METHYL ETHER,,-
ESTRADIOL VALERATE,,https://clinicaltrials.gov/ct2/results?cond=COVID-19&term=ESTRADIOL+&cntry=&state=&city=&dist=&Search=Search
ESTRADIOL-3-SULFATE,,-
ETHINYL ESTRADIOL,,https://clinicaltrials.gov/ct2/results?cond=COVID-19&term=ETHINYL+ESTRADIOL&cntry=&state=&city=&dist=&Search=Search
Fluticasone furoate,,https://clinicaltrials.gov/ct2/results?cond=COVID-19&term=Fluticasone+&cntry=&state=&city=&dist=&Search=Search
FLUTICASONE PROPIONATE,,https://clinicaltrials.gov/ct2/results?cond=COVID-19&term=Fluticasone+&cntry=&state=&city=&dist=&Search=Search
FLUVOXAMINE MALEATE,,https://clinicaltrials.gov/ct2/results?cond=COVID-19&term=FLUVOXAMINE+&cntry=&state=&city=&dist=&Search=Search
Folinic acid,,https://clinicaltrials.gov/ct2/results?cond=COVID-19&term=Folinic+acid&cntry=&state=&city=&dist=&Search=Search
FOSINOPRIL SODIUM,,https://clinicaltrials.gov/ct2/results?cond=COVID-19&term=FOSINOPRIL+&cntry=&state=&city=&dist=&Search=Search
Fostamatinib Disodium,,https://clinicaltrials.gov/ct2/results?cond=COVID-19&term=Fostamatinib+&cntry=&state=&city=&dist=&Search=Search
Furosemide (sodium),,https://clinicaltrials.gov/ct2/results?cond=COVID-19&term=Furosemide+&cntry=&state=&city=&dist=&Search=Search
Hydrocortisone buteprate,,https://clinicaltrials.gov/ct2/results?cond=COVID-19&term=Hydrocortisone+&cntry=&state=&city=&dist=&Search=Search
HYDROCORTISONE BUTYRATE,,https://clinicaltrials.gov/ct2/results?cond=COVID-19&term=Hydrocortisone+&cntry=&state=&city=&dist=&Search=Search
Hydrocortisone cypionate,,https://clinicaltrials.gov/ct2/results?cond=COVID-19&term=Hydrocortisone+&cntry=&state=&city=&dist=&Search=Search
HYDROCORTISONE PHOSPHATE TRIETHYLAMINE,,-
HYDROCORTISONE VALERATE,,https://clinicaltrials.gov/ct2/results?cond=COVID-19&term=Hydrocortisone+&cntry=&state=&city=&dist=&Search=Search
Ibrutinib deacryloylpiperidine,,-
Ibrutinib-MPEA,,-
Icatibant (acetate),,https://clinicaltrials.gov/ct2/results?cond=COVID-19&term=Icatibant+&cntry=&state=&city=&dist=&Search=Search
Isavuconazonium (sulfate),,https://clinicaltrials.gov/ct2/results?cond=COVID-19&term=Isavuconazonium+&cntry=&state=&city=&dist=&Search=Search
IVERMECTIN,,https://clinicaltrials.gov/ct2/results?cond=COVID-19&term=IVERMECTIN&cntry=&state=&city=&dist=&Search=Search
KETOTIFEN FUMARATE,,https://clinicaltrials.gov/ct2/results?cond=COVID-19&term=KETOTIFEN+&cntry=&state=&city=&dist=&Search=Search
L-Carnitine,,https://clinicaltrials.gov/ct2/results?cond=COVID-19&term=L-Carnitine&cntry=&state=&city=&dist=&Search=Search
LABETALOL HYDROCHLORIDE,,https://clinicaltrials.gov/ct2/results?cond=COVID-19&term=LABETALOL+&cntry=&state=&city=&dist=&Search=Search
LINAGLIPTIN HYDROCHLORIDE,,https://clinicaltrials.gov/ct2/results?cond=COVID-19&term=LINAGLIPTIN+&cntry=&state=&city=&dist=&Search=Search
LIOTHYRONINE (L- isomer) SODIUM,,https://clinicaltrials.gov/ct2/results?cond=COVID-19&term=LIOTHYRONINE+&cntry=&state=&city=&dist=&Search=Search
Maraviroc,,https://clinicaltrials.gov/ct2/results?cond=COVID-19&term=Maraviroc&cntry=&state=&city=&dist=&Search=Search
Mefloquine (hydrochloride),,https://clinicaltrials.gov/ct2/results?cond=COVID-19&term=Mefloquine+&cntry=&state=&city=&dist=&Search=Search
MEROPENEM,,https://clinicaltrials.gov/ct2/results?cond=COVID-19&drug=%22meropenem%22
Meropenem (trihydrate),,https://clinicaltrials.gov/ct2/results?cond=COVID-19&drug=%22meropenem%22
Methotrexate (disodium),,https://clinicaltrials.gov/ct2/results?cond=COVID-19&term=Methotrexate+&cntry=&state=&city=&dist=&Search=Search
METHYLPREDNISOLONE SODIUM SUCCINATE,,https://clinicaltrials.gov/ct2/results?cond=COVID-19&term=METHYLPREDNISOLONE+&cntry=&state=&city=&dist=&Search=Search
METOPROLOL TARTRATE,,https://clinicaltrials.gov/ct2/results?cond=COVID-19&term=METOPROLOL+&cntry=&state=&city=&dist=&Search=Search
Minoxidil sulfate,,https://clinicaltrials.gov/ct2/results?cond=COVID-19&term=Minoxidil+&cntry=&state=&city=&dist=&Search=Search
MONTELUKAST SODIUM,,https://clinicaltrials.gov/ct2/results?cond=COVID-19&term=MONTELUKAST+&cntry=&state=&city=&dist=&Search=Search
NALBUPHINE HYDROCHLORIDE,,https://clinicaltrials.gov/ct2/results?cond=COVID-19&term=NALBUPHINE+&cntry=&state=&city=&dist=&Search=Search
NALTREXONE HYDROCHLORIDE,,https://clinicaltrials.gov/ct2/results?cond=COVID-19&term=NALTREXONE+&cntry=&state=&city=&dist=&Search=Search
Naproxen (sodium),,https://clinicaltrials.gov/ct2/results?cond=COVID-19&term=Naproxen+&cntry=&state=&city=&dist=&Search=Search
Nebivolol (hydrochloride),,https://clinicaltrials.gov/ct2/results?cond=COVID-19&term=Nebivolol+&cntry=&state=&city=&dist=&Search=Search
NEBIVOLOL HYDROCHLORIDE,,https://clinicaltrials.gov/ct2/results?cond=COVID-19&term=Nebivolol+&cntry=&state=&city=&dist=&Search=Search
NICOTINE BITARTRATE,,-
Nintedanib (BIBF 1120),,https://clinicaltrials.gov/ct2/results?cond=COVID-19&term=Nintedanib+&cntry=&state=&city=&dist=&Search=Search
Nintedanib esylate,,https://clinicaltrials.gov/ct2/results?cond=COVID-19&term=Nintedanib+&cntry=&state=&city=&dist=&Search=Search
Omeprazole (sodium),,https://clinicaltrials.gov/ct2/results?cond=COVID-19&drug=%22omeprazole%22
PENBUTOLOL SULFATE,,https://clinicaltrials.gov/ct2/results?cond=COVID-19&term=PENBUTOLOL+&cntry=&state=&city=&dist=&Search=Search
PIPERACILLIN SODIUM,,https://clinicaltrials.gov/ct2/results?cond=COVID-19&term=PIPERACILLIN+&cntry=&state=&city=&dist=&Search=Search
POLYMYXIN B SULFATE,,https://clinicaltrials.gov/ct2/results?cond=COVID-19&term=POLYMYXIN+B&cntry=&state=&city=&dist=&Search=Search
PREDNISOLONE ACETATE,,https://clinicaltrials.gov/ct2/results?cond=COVID-19&term=PREDNISOLONE+&cntry=&state=&city=&dist=&Search=Search
PREDNISOLONE HEMISUCCINATE,,https://clinicaltrials.gov/ct2/results?cond=COVID-19&term=PREDNISOLONE+&cntry=&state=&city=&dist=&Search=Search
PREDNISOLONE SODIUM PHOSPHATE,,https://clinicaltrials.gov/ct2/results?cond=COVID-19&term=PREDNISOLONE+&cntry=&state=&city=&dist=&Search=Search
PREDNISONE,,https://clinicaltrials.gov/ct2/results?cond=COVID-19&term=PREDNISOLONE+&cntry=&state=&city=&dist=&Search=Search
PREGNENOLONE SUCCINATE,,https://clinicaltrials.gov/ct2/results?cond=COVID-19&term=PREGNENOLONE+&cntry=&state=&city=&dist=&Search=Search
PYRIDOXINE HYDROCHLORIDE,,https://clinicaltrials.gov/ct2/results?cond=COVID-19&term=PYRIDOXINE+&cntry=&state=&city=&dist=&Search=Search
QUETIAPINE,,https://clinicaltrials.gov/ct2/results?cond=COVID-19&term=QUETIAPINE&cntry=&state=&city=&dist=&Search=Search
QUININE,,https://clinicaltrials.gov/ct2/results?cond=COVID-19&term=QUININE&cntry=&state=&city=&dist=&Search=Search
Quinine (hydrochloride dihydrate),,https://clinicaltrials.gov/ct2/results?cond=COVID-19&term=QUININE&cntry=&state=&city=&dist=&Search=Search
RABEPRAZOLE SODIUM,,https://clinicaltrials.gov/ct2/results?cond=COVID-19&term=RABEPRAZOLE+&cntry=&state=&city=&dist=&Search=Search
Rabeprazole Sulfide,,-
RANITIDINE HYDROCHLORIDE,,https://clinicaltrials.gov/ct2/results?cond=COVID-19&term=RANITIDINE+&cntry=&state=&city=&dist=&Search=Search
Rapamycin (Sirolimus),,https://clinicaltrials.gov/ct2/results?cond=COVID-19&term=Rapamycin+&cntry=&state=&city=&dist=&Search=Search
RETINYL PALMITATE,,https://clinicaltrials.gov/ct2/results?cond=COVID-19&term=RETINYL+PALMITATE&cntry=&state=&city=&dist=&Search=Search
RIBOFLAVIN,,https://clinicaltrials.gov/ct2/results?cond=COVID-19&term=RIBOFLAVIN&cntry=&state=&city=&dist=&Search=Search
RIBOFLAVIN 5-PHOSPHATE SODIUM,,https://clinicaltrials.gov/ct2/results?cond=COVID-19&term=RIBOFLAVIN&cntry=&state=&city=&dist=&Search=Search
Riboflavin Tetrabutyrate,,https://clinicaltrials.gov/ct2/results?cond=COVID-19&term=RIBOFLAVIN&cntry=&state=&city=&dist=&Search=Search
ROSUVASTATIN CALCIUM,,https://clinicaltrials.gov/ct2/results?cond=COVID-19&term=ROSUVASTATIN+&cntry=&state=&city=&dist=&Search=Search
SIROLIMUS,,https://clinicaltrials.gov/ct2/results?cond=COVID-19&term=Rapamycin+&cntry=&state=&city=&dist=&Search=Search
SITAGLIPTIN PHOSPHATE,,https://clinicaltrials.gov/ct2/results?cond=COVID-19&term=SITAGLIPTIN+&cntry=&state=&city=&dist=&Search=Search
SODIUM GLUCONATE,,https://clinicaltrials.gov/ct2/results?cond=COVID-19&term=SODIUM+GLUCONATE&cntry=&state=&city=&dist=&Search=Search
SODIUM MONOFLUOROPHOSPHATE,,https://clinicaltrials.gov/ct2/results?cond=COVID-19&term=SODIUM+MONOFLUOROPHOSPHATE&cntry=&state=&city=&dist=&Search=Search
TACROLIMUS,,https://clinicaltrials.gov/ct2/results?cond=COVID-19&term=TACROLIMUS&cntry=&state=&city=&dist=&Search=Search
Tacrolimus (monohydrate),,https://clinicaltrials.gov/ct2/results?cond=COVID-19&term=TACROLIMUS&cntry=&state=&city=&dist=&Search=Search
TERBUTALINE HEMISULFATE,,https://clinicaltrials.gov/ct2/results?cond=COVID-19&term=TERBUTALINE+&cntry=&state=&city=&dist=&Search=Search
Tetracycline (hydrochloride),,https://clinicaltrials.gov/ct2/results?cond=COVID-19&term=Tetracycline+&cntry=&state=&city=&dist=&Search=Search
TETRACYCLINE HYDROCHLORIDE,,https://clinicaltrials.gov/ct2/results?cond=COVID-19&term=Tetracycline+&cntry=&state=&city=&dist=&Search=Search
TIMOLOL MALEATE,,https://clinicaltrials.gov/ct2/results?cond=COVID-19&term=TIMOLOL+&cntry=&state=&city=&dist=&Search=Search
Tofacitinib (CP-690550) Citrate,,https://clinicaltrials.gov/ct2/results?cond=COVID-19&term=Tofacitinib+&cntry=&state=&city=&dist=&Search=Search
Tofacitinib (CP-690550_Tasocitinib),,https://clinicaltrials.gov/ct2/results?cond=COVID-19&term=Tofacitinib+&cntry=&state=&city=&dist=&Search=Search
VALPROATE SODIUM,,https://clinicaltrials.gov/ct2/results?cond=COVID-19&term=VALPROATE+&cntry=&state=&city=&dist=&Search=Search
VECURONIUM BROMIDE,,https://clinicaltrials.gov/ct2/results?cond=COVID-19&term=VECURONIUM+&cntry=&state=&city=&dist=&Search=Search
VERAPAMIL HYDROCHLORIDE,,https://clinicaltrials.gov/ct2/results?cond=COVID-19&term=VERAPAMIL+&cntry=&state=&city=&dist=&Search=Search
Voclosporin,,https://clinicaltrials.gov/ct2/results?cond=COVID-19&term=Voclosporin&cntry=&state=&city=&dist=&Search=Search
Zanubrutinib,,https://clinicaltrials.gov/ct2/results?cond=COVID-19&term=Zanubrutinib&cntry=&state=&city=&dist=&Search=Search